name,year
Carthago Delenda Est,1896
Бессмысленные мечтания,1891
Богу или маммоне,1895
Два письма к М.Ганди,1909
Две войны,1898
"Доклад, приготовленный для конгресса о мире в Стокгольме",1909
Исповедь,1882
Не могу молчать (1-я редакция),1908
Неделание,1893
О безумии,1910
О веротерпимости,1901
О науке (Ответ  крестьянину),1909
О социализме,1910
Ответ польской женщине,1909
Патриотизм и правительство,1900
Патриотизм или мир,1896
Первая ступень,1891
Письмо революционеру,1909
Письмо студенту о праве,1909
По поводу заключения В.А. Молчникова,1908
Почему христианские народы вообще и в особенности русский находятся теперь в бедственном положении,1907
Приближение конца,1896
Славянскому съезду,1910
Студенческое движение 1899 года,1899
Удивительные существа,1909
Церковь и государство,1891
