pred_lex,pred_sem,pred_sty,pred_syn
0.012351475147582405,0.013999633605429433,0.011283319632111365,0.01413898836948598
0.015201784726789614,0.014436234704752698,0.017438228181352586,0.016996112638839513
0.014882833937778783,0.015245907226657413,0.01344084752459233,0.01322352313003981
0.011702615490159884,0.010312034344133749,0.01037226029665238,0.009862995916080274
0.00785496336522223,0.008659569374869459,0.008415496398699738,0.007646577682688102
0.010589820118696039,0.012533519936441646,0.014070225290705934,0.012608535315421941
0.013439404467842576,0.014986010118046466,0.015685863694122733,0.01562904181851245
0.015736352912698974,0.015280978300217928,0.015931994475453674,0.018141683644954356
0.01471778456257437,0.01502029225373726,0.014478521503635218,0.013652361804536607
0.013640623949838726,0.014515730309868037,0.011302471651031753,0.013667139266250478
0.01420768152984453,0.014877575689496644,0.014573381576598803,0.016233769873089644
0.01572206560285553,0.015386901490729452,0.011591614169753784,0.014859521946170667
0.013492722374711736,0.012179196862402722,0.012456925884907509,0.013277744989209446
0.009718238603091189,0.01013050662677961,0.01175449650211844,0.011447984656005956
0.013821576376925673,0.01326782233924333,0.013632974264792052,0.014067905312099064
0.01388970729529497,0.013714281333288917,0.015920514295962446,0.012495444346815954
0.012733264652195243,0.013646775955790624,0.01453041474456417,0.014226092138408012
0.011749567427652367,0.013428546964944915,0.0070311464217475365,0.014472742822215182
0.013558544048840406,0.013535775281998338,0.012827010173983591,0.011592954837400728
0.008945787289001188,0.014426057289115132,0.015719576739407125,0.011956114785880902
0.013306441588168533,0.013426917531347591,0.013253461668040804,0.011470425720103268
0.01913733449163487,0.015341948706975755,0.014439913129917943,0.015121304325424738
0.017257128119972664,0.014271424009450846,0.012999862609743392,0.01420042852340295
0.015349037529105054,0.015216381239949273,0.016380005007973375,0.018068596860269064
0.013901929256130631,0.01397368988217275,0.012812988354357277,0.012373495475221583
0.01707539823344817,0.015998558123643283,0.017072189878318135,0.01747021075699729
0.014488940485684762,0.013839965862648374,0.013539172508336236,0.01607792983256162
0.010497834578371262,0.010189953516316146,0.01006662460993386,0.009640865770033813
0.017672816149456295,0.016013201458167252,0.0145081670827936,0.016450837629949158
0.014271256925598209,0.014476528320637198,0.012317100340230654,0.01463924553552356
0.012321609271922215,0.014728231368590784,0.0124287535378973,0.012705885130541748
0.014755787789249908,0.013952582435572581,0.012633404665659324,0.015492272504592765
0.015248552323215772,0.013698080203184082,0.013046781585563983,0.013090162014088344
0.018375299206518564,0.016401192371711067,0.011589496715809805,0.013856724176923902
0.00766313356657328,0.008936072218511927,0.008004734198761639,0.007864705848770087
0.011928971842045676,0.012762529365817817,0.010334715914880168,0.013331654726202792
0.009839888572337186,0.008062101467175106,0.007913285951988982,0.008299432413474939
0.015535441097913355,0.013055409853423506,0.015554837431485464,0.014865752968161464
0.013448279498384993,0.014692007785387514,0.01785559821274278,0.014626723841186807
0.013921535446115633,0.015023995496944498,0.014989792046815581,0.013374130213909593
0.018943330787334907,0.014649682227652096,0.015471923629170135,0.015436031554023063
0.01317346774635842,0.014298919906570048,0.01401250617934036,0.012101315293198921
0.016023238255085257,0.014534107203502674,0.013992219410340252,0.0131065712529899
0.011821662233516043,0.013343368232916134,0.011290759044110322,0.013306043830724812
0.01634439832137549,0.014387456074704139,0.008716750375198357,0.009711069480670208
0.01405195921820298,0.01423700301070794,0.01737765194890516,0.013644050642745688
0.012845176729360634,0.013285768868938362,0.010790111102036593,0.012955240641399298
0.008852609371093431,0.01152751643740358,0.012399642693029782,0.010610187330168712
0.011955097903333288,0.014192069925664321,0.012619102448354003,0.01414473709743067
0.012043868237767066,0.012412745543300942,0.01089500054485235,0.012988593246371728
0.011183732243922075,0.01254301218968396,0.01279655430369574,0.013214677876453336
0.008911626396273176,0.007520255559194005,0.00990278513027473,0.010269843220589582
0.012866326170337172,0.012980912584942538,0.01351556410832952,0.01335749793771439
0.014150208687710029,0.012864522037546962,0.013800160660095161,0.01316241851313376
0.010597043820164704,0.010888321893080147,0.011696418116260173,0.010407852861612894
0.014648159243198483,0.01456442145526278,0.016749605063105612,0.014755421506550553
0.01234165336208726,0.012626664016718522,0.016336116366773335,0.014406419020143585
0.01777754308270649,0.014667575666539845,0.015141473753055464,0.015335054346611355
0.00916829520602154,0.012793185253770004,0.01129002436240477,0.01387068372100964
0.01344491491864571,0.014170626706872125,0.0105254886653375,0.01644218445485986
0.015698522905671124,0.014411933307002533,0.015104698660811062,0.013064414260050856
0.010209152096467552,0.011227053928950799,0.012628497067550263,0.011028389875361685
0.01726739040795606,0.014672013956465568,0.012637325636268907,0.015063109381771949
0.01283298102815527,0.013785899750858012,0.013332685449816015,0.01476889854502297
0.016888276166234655,0.01535237698921124,0.01622136826699163,0.014054627684286825
0.013190729919217388,0.014071905505489915,0.01497141194904841,0.014093408816582333
0.013849400689538577,0.014783328240753143,0.012992769076243256,0.011759918668650917
0.017594474336192878,0.013959952319256,0.01805061071384328,0.015445773930825775
0.016390535674799936,0.014665894926600634,0.017225464764746557,0.016191087451887222
0.013957558448850778,0.014174792621564063,0.013295171848572943,0.013642168761404908
0.010255069454308135,0.013844623820140036,0.011033281678757527,0.012140991920011106
0.011550816142282504,0.010708683516844616,0.012148256340388273,0.011626698606457646
0.00937298243609476,0.011761096675522307,0.010729197895444449,0.011440410401010282
0.014188627938716947,0.015211873018964334,0.014159400597486993,0.01566850517892302
0.0105165819234363,0.012475687411445788,0.009848158296986029,0.011059423558690756
0.014769707312375684,0.014659890917636335,0.018211181805922908,0.016080698690023827
0.013050516448418016,0.013052504204168215,0.012401177544782926,0.01184192278643543
0.01292026549907797,0.01390552085992994,0.014308972914790118,0.014326005569528982
0.007700556049648425,0.009345354032321736,0.008286276683477327,0.011582703368712598
0.009093765123025767,0.00992472212844612,0.010612111936810428,0.010030438521395884
0.015896987325765506,0.015696783309312637,0.015559222097243666,0.016522649518136433
0.013326552187267617,0.014421757607206471,0.010756911801639886,0.01389617362168078
0.015033724942329074,0.014295929083653295,0.017197752521936404,0.019754299684147575
0.013684301027751193,0.014325243807066209,0.01667621741988571,0.016207899610753508
0.012036724829062689,0.011783306080416184,0.014600177679228336,0.013652039997352327
0.01109140320511252,0.011706306605813673,0.012423171880405762,0.0118283840827196
0.0052043474465292144,0.008983398151025317,0.009183273868039079,0.01329301665092229
0.0177274911020885,0.014540501902035428,0.014236952489318538,0.014334691238113744
0.015727654253304392,0.014861399714299351,0.01260593860489076,0.014103258572641025
0.010548459900870936,0.010393082669769802,0.012025619400859573,0.011478153235784244
0.011365862062986048,0.0134704780434485,0.012894804842037855,0.015649247421199785
0.01115380388346427,0.013062482626197797,0.014750026240829831,0.013600611288505197
0.01306931727223868,0.01342690199916026,0.014361697253301522,0.012646450315335064
0.015366411451047099,0.012976140913068101,0.016020711806310976,0.013813647523608436
0.014241725681798736,0.013886562644048342,0.013688046951250105,0.013240510764753424
0.01118838367441212,0.009441778557021887,0.01202599391895089,0.01122392561377774
0.015386586675691184,0.012921325353703378,0.01686926552662215,0.012977883475190813
0.011282537144754919,0.01333924585606238,0.012988650129072524,0.011783042882590133
0.025703032632807574,0.016406037096965614,0.01229991661949597,0.014323972390665468
0.016632154335968707,0.015687362430502786,0.014720990833978844,0.014642620535922319
0.00862780266959523,0.008756698210115946,0.010347702254901123,0.010037749775448435
0.0230832745587249,0.014918449669988787,0.015978820385211166,0.01684325639354329
0.015303280520880133,0.014480277960324424,0.013046138822780204,0.01151757722976902
0.016815472436800642,0.01419769764865319,0.016787210103790768,0.014856230451036874
0.01503474764423083,0.014099804460302564,0.015004319391343075,0.01512435887999281
0.02104315262769122,0.015424884186678724,0.016739570991712298,0.01663803953506601
0.012963357419760867,0.013395366092038842,0.012982584852396537,0.012837906479003095
0.012794107664201693,0.01469984153986818,0.0165088506462383,0.015626700260059377
0.011512925244311845,0.013284032338496635,0.015966064399355242,0.014620110903972921
0.011193041865511847,0.010844885952376284,0.010552374736255976,0.011183335135467275
0.015287314098460451,0.014386998535335094,0.01684354355189821,0.015417980839838839
0.011749169996595428,0.013143546136016747,0.015710579860253045,0.014614736399801934
0.0206725774291754,0.01569141345840129,0.014641922290095127,0.01198729763236498
0.011325535532279565,0.011891064741138756,0.011927262612181626,0.012917054908488493
0.009914775130526937,0.014093750428605814,0.012181740228885459,0.013076149431851324
0.010228245921560238,0.00900972119018736,0.010538190376763967,0.007875394469123807
0.012321168677629422,0.01487054686093993,0.01611623108611491,0.015992086671317726
0.014217571686391078,0.01311997492394536,0.014420236171324579,0.014054475233213468
0.01114293951578878,0.01307247548591978,0.015286534917464647,0.011448821125202204
0.013388640980379861,0.015101907781168513,0.01478395285994829,0.014890114859078415
0.014011492419441354,0.014353064890517324,0.012964503526068958,0.012574694536905313
0.010991447686968196,0.01379665692085022,0.012649453606002711,0.011467729565214559
0.011446743825934698,0.011086647071571698,0.011470117597372516,0.01046152261958027
0.0127460330034798,0.0127618971217763,0.012529983359897273,0.013918122648933138
0.01572750175206401,0.015469128978780819,0.013963133096006497,0.014169985788921279
0.009023190318496854,0.007719290815722068,0.007320822297158681,0.005546323733119194
0.014266049962012944,0.01507747538635895,0.017215854491385123,0.016783818528640415
0.009487316753491484,0.012686650510115801,0.012060239714061356,0.011531684336414797
0.011364313090982996,0.012548165070220801,0.013429963315047665,0.015143870449691243
0.011715400498784587,0.014997124384544987,0.013725891942457744,0.013494998847053467
0.008359544577822786,0.010690298280047607,0.007697176775328917,0.010909136054229761
0.010098709809204624,0.014680579833300319,0.01404408326302838,0.014963985129094356
0.011896139063521622,0.012438799145209428,0.013874191529502491,0.013237702670728307
0.013245312502058067,0.012603095724537236,0.014433083005818071,0.012859925061298658
0.02043876676478088,0.01581173657884865,0.01829707466320714,0.015871152885560486
0.012901893633894719,0.013944518790087226,0.0172126887575453,0.01639864637136455
0.013284303430788198,0.013836508530125339,0.021774785506819487,0.014598848527791275
0.013796429857413816,0.013271085326075831,0.013186635102806824,0.011877759381951836
0.014729328157278274,0.012229185138418128,0.01144548711721152,0.012287932756007886
0.013802768238169831,0.012606635319083287,0.014749691325675319,0.010654084813841964
0.016937712889319098,0.014662522269477294,0.015534234301961405,0.014833978712873893
0.015351864925690569,0.015841962200703507,0.015570261752365491,0.015531913754035825
0.020752875474279016,0.01597739149879702,0.014777905464018047,0.013684601286528795
0.010337443347817457,0.012207302327635514,0.0147127113791372,0.01427339095934961
0.009895528169567451,0.013342153817633807,0.013246480387322467,0.012000417044222214
0.008027005777291846,0.009397378745073293,0.0101786244229188,0.007562644766558872
0.011751243477187513,0.013114177153712197,0.012835471623387548,0.014237982826819887
0.013613115907406943,0.013250994840506585,0.014938759907816738,0.015470591757428306
0.013263139115130402,0.01322977521934569,0.015776980121311884,0.015519352291278604
0.011846192567285203,0.013073863745017894,0.011786528076954014,0.012821331012809814
0.008644386817928375,0.010709976478823408,0.011976892268182247,0.009095783589008886
0.012681216070582344,0.012012796866466231,0.008282949436946591,0.01494408872489102
0.00973668828238207,0.01197646972070802,0.012902750038490216,0.01238976966094895
0.014878234418847842,0.01487206630953481,0.015795990242030593,0.01422719796726963
0.01490636776414762,0.01426092299235394,0.013111983491573546,0.013173288039667004
0.011708002961824282,0.015373393233856787,0.01427912459215926,0.015496838875052169
0.010955464471278084,0.01149149316358817,0.010079325248267382,0.011070386863421745
0.017288448573526273,0.013830295256122194,0.013262866632897233,0.009848376864011731
0.011427259219231954,0.01014667665611061,0.012614392980943606,0.011875683692739052
0.013069030695362863,0.012113730899014529,0.01255147033949506,0.01292577830926622
0.01911434596123672,0.015624032411845993,0.016510813672455958,0.01553187710530825
0.01342899056697662,0.013317059559110977,0.011992902076338092,0.014302399474223855
0.016565682053391935,0.013716683887839583,0.014547416556745529,0.015482564213597947
0.006643233111004489,0.010516378478844908,0.011114690568142559,0.009322481528791936
0.015352148259471971,0.01273384969398094,0.0152355205284616,0.01459681932917279
0.013923440724152414,0.01296371064507072,0.016316280176388347,0.014740103964764719
0.008239924661664483,0.013156764639243741,0.012509762037425917,0.012092424112689822
0.00940869008456402,0.01452635543679771,0.010274427882687674,0.013872011823366746
0.012501691695455081,0.014626260619712547,0.011695911412266707,0.013078668434392579
0.012306894633945641,0.013568671559895457,0.011268889351708373,0.012544764611222035
0.01779467205767151,0.015483636218046316,0.015294580348522113,0.014936457345078508
0.011850034341051429,0.009585132836374332,0.010969863792014065,0.011640664361309104
0.011402132192202784,0.014144930555085186,0.014882140335457147,0.013219923910314426
0.010766718934372376,0.013519105370348814,0.012268823872922371,0.011428124890851814
0.009305818451770503,0.01055358654928379,0.012785228995519444,0.01304458092627298
0.01001697307751236,0.013367792204501325,0.012205547969117617,0.011578492586444713
0.014317553939622467,0.014261521477771488,0.01186173985034781,0.01420185215026774
0.007185300701303434,0.009079614660796037,0.01117379039016271,0.00821498201637664
0.015474942764811015,0.013151601911213322,0.013741156651483847,0.014393090359325893
0.012054256107947185,0.013119789277920768,0.012375175295656828,0.012689353978538672
0.014018192971097822,0.013992938713654247,0.013050935864887647,0.012590561887906151
0.014635986096613825,0.013063248057259478,0.01536124306788117,0.012571900174649866
0.01914478399133017,0.016765274001205373,0.01587858573524627,0.016534417674118423
0.014081484416805151,0.013569438296966038,0.013433111013790775,0.014404750593771056
0.009821333972125274,0.009801356994853386,0.009285133446905586,0.010141392420085545
0.013737759389700132,0.014134411058950705,0.013702210201561357,0.013858821586030318
0.01450919174676181,0.012873101585679284,0.012247107046824482,0.012305628721099082
0.013813755830310841,0.013694124030372158,0.012332523494317287,0.012896789633186074
0.0065256020949535955,0.007573872305343053,0.008755446575140016,0.009130738645411984
0.01149893657079859,0.013817626885415886,0.015737175286861468,0.014111234232368442
0.010627986640511053,0.01158410366043647,0.012669871583012353,0.013148648199881478
0.01090486278982166,0.012126448659279698,0.012930303314236877,0.012775776612982688
0.014498118190378842,0.013892264908307464,0.014970512631043535,0.014210852678146776
0.012106974612275702,0.01278876852317883,0.010468366329930265,0.01055506960282001
0.015604480604806105,0.014252429104679006,0.015926863054681533,0.01438951329134178
0.011127907307071395,0.013471223991297139,0.013982273138899198,0.015333496692629246
0.011089336599170708,0.013999227418315064,0.013659542695922094,0.012388667306448106
0.014349234073171069,0.01617525103519824,0.013750490516813367,0.013281886747554872
0.012678177478816187,0.013520281346710466,0.01516367927253728,0.011519908845426835
0.013502296036018949,0.013919301815331579,0.01251482046444611,0.01498994746653275
0.013291289416687273,0.012225667097618406,0.014377251289472152,0.012255553173256037
0.014301301635796744,0.012562846322348966,0.011698187493914974,0.013906722348738694
0.014590126818539322,0.01621946462231482,0.011538963512819633,0.016670181722239462
0.008861337286156096,0.013388928738823353,0.013134775083663553,0.01310515345629631
0.0162133932640645,0.013949213561916541,0.01693124859997366,0.014794390424694596
0.015176874724700931,0.014501698826081235,0.013622729557896202,0.015339497564178529
0.012080638332816734,0.012847826782262924,0.009616519684448287,0.011665518974716793
0.020978333292034863,0.016826388970382647,0.015751691827901187,0.017828104761428005
0.013571541537411094,0.01380716946763961,0.014328363285250976,0.013877460446187578
0.01006199089948229,0.013025002229570131,0.011397720054756201,0.012421526441980637
0.022774543761661357,0.016527250929196397,0.014335162036284314,0.0172464155218588
0.01060740016029297,0.011995638970184975,0.01000842595892243,0.010531445309614354
0.012161311359643497,0.013639836046072046,0.011754579717477802,0.011761927392128158
0.015366476215154322,0.013719533539616836,0.015532152921838328,0.012501510527327548
0.013191822673651245,0.012418132102695236,0.012416673235830202,0.013362119687520345
0.010703024026899686,0.013527825802193725,0.012351365378665158,0.012275725839463129
0.01383627217433503,0.0132631762093407,0.015743301438678636,0.014349892810523844
0.014880555981323058,0.01330341012198264,0.014491456663621224,0.0161420497594046
0.013096160799577934,0.01267338889874724,0.011680436497523965,0.013564616120242016
0.011633266812644472,0.011615058406842424,0.011793598637886728,0.012117259567212692
0.014685003029022564,0.015918060239614708,0.015552994145287165,0.013328168667691254
0.01590116431943636,0.013721583602298608,0.014370501715948801,0.015155629845374536
0.013099686514256397,0.010605409848456456,0.011866357073994895,0.009250988269692291
0.011615338544585772,0.012427898942882697,0.011077201163475835,0.013448014718620829
0.016835453486506998,0.015682653489848285,0.0177001139379735,0.016496037599321646
0.01612572987134412,0.016507382300186314,0.016176236761688795,0.015033340112886784
0.013962971768530431,0.01487664262472583,0.013797312074530863,0.01401401131942872
0.011907764135694818,0.012716238779545877,0.007558869608159942,0.011691963691759804
0.013325178090095594,0.013331958036543082,0.013324789780760689,0.013489547136481907
0.01943833802009278,0.016066848077810614,0.016352623105774913,0.017429616048561202
0.01490931265635867,0.01509067453359616,0.013998337739376452,0.013608491682195332
0.012015387188893147,0.01415805568824266,0.014265079373688986,0.015094189964406863
0.010356770007044918,0.01225926752337539,0.013289726133830747,0.011649157114234839
0.014403999822275578,0.015645477532205986,0.015576686440913593,0.016369348082584514
0.02067804512905867,0.015766170008466505,0.01517421077894228,0.01488087965449936
0.014019878045555358,0.014361908653608197,0.01592681014601364,0.014078018925173255
0.013637194207620416,0.015259596002456324,0.009241199704366073,0.013112606439188795
0.013766386108158921,0.012676715296739608,0.012724940651571749,0.013812247711849513
0.014211977858937179,0.014468036502794289,0.017614480147265178,0.01512339744803389
0.013620632983803473,0.014278490790398878,0.015067148881534539,0.013607326752450218
0.019147433907793644,0.014631242862391404,0.014460582377245672,0.018365012304680916
0.0098548913748551,0.01286992293331726,0.01034373135587412,0.01019307389432977
0.015056218343977613,0.014035374805913665,0.02066950979869662,0.015644640271046034
0.014150451204021253,0.012066338925955496,0.011189277638555852,0.011995874721764539
0.01763397352660649,0.014556181447592638,0.014163276782170758,0.01331254289524007
0.01531843432792633,0.015091553803381803,0.0148212419978926,0.015443167221828641
0.013711077007746271,0.01394041187175599,0.01160463992304133,0.013120022622989705
0.01589717183274129,0.014151494060822646,0.013087851668235211,0.01540830280854895
0.007518091427478155,0.005602445866831594,0.008170105069255423,0.004495648168373247
0.017680968210187654,0.01534186899201457,0.01739782962510616,0.013607258719588521
0.010387776013890647,0.013875470084119663,0.011008171401528025,0.012218190450294774
0.01092573962685505,0.012014582215681052,0.011659418941577343,0.011820651835282598
0.015176796262738722,0.013265551569427705,0.012166454864291968,0.013139985017097608
0.017279895240030842,0.015521126762935628,0.01285083671781648,0.015062510544610138
0.012163261338515221,0.012249900768561951,0.013817390365582188,0.013607533442335791
0.01237317879680521,0.014512780221920917,0.014433077481579244,0.014142382524129235
0.012219085178717469,0.012318246515900385,0.014144508533596886,0.013583398760777672
0.009500932200683754,0.013223061439858146,0.01314440826669045,0.013073341981489872
0.009888908244230929,0.011800016667711957,0.009412776023242024,0.01169688070998829
0.010536278380267904,0.011364804186741965,0.011862327460257682,0.010699367607699338
0.013714290823260089,0.013985308942585383,0.016116506666426212,0.015291378927876898
0.016079676802290166,0.013766512049213942,0.012467059762177941,0.01270576096635757
0.002593585622409196,0.011912079404260539,0.011250407531459308,0.016706991560442308
0.013660235415980541,0.014127970785519492,0.01470479512705521,0.013438105832854753
0.015355086282034018,0.014512207154661687,0.013909750263205272,0.012045055945611342
0.012951449209980356,0.012108910844604474,0.012970783739619733,0.014115557366088737
0.011082635463898292,0.01365557033620882,0.014329717809377866,0.014828371582236141
0.014860974905191667,0.014145258530778032,0.014461119304546077,0.01357809689542086
0.013773820873915169,0.013970932384834099,0.012058768682683546,0.01171875283089405
0.010175250512240965,0.013057212728160128,0.011776102024566342,0.01191405185600691
0.013072972277144268,0.014675496604165044,0.01317084788864819,0.013848477456329163
0.016997493882696574,0.013543367040755788,0.016855655519774335,0.016729260966427878
0.014946250654908799,0.013552379813025817,0.012946730787610588,0.011204346017316477
0.02063313716674628,0.016384249691594407,0.015752485153053115,0.016600896787432807
0.008717348440997988,0.009740341236958824,0.010360198039275313,0.010546303869751998
0.014239792488584164,0.010984357621251339,0.010621996504197404,0.01236693945214766
0.010627720728406679,0.012815135495126046,0.01539563934382382,0.014909486202774744
0.013365336259825097,0.012770943449492648,0.013311060468340793,0.012570383640799081
0.013342962510876858,0.012247494046022663,0.012745567288067139,0.012159374162422697
0.010391286860356792,0.014369257487383748,0.013979048835214492,0.01385444879174576
0.013281110841738629,0.0130981889065024,0.01563903762033821,0.014001590932795193
0.0128738317758949,0.012340102514292326,0.01453505318022455,0.009881655206806545
0.01099550908299517,0.0123507832715786,0.01365251845453852,0.013640642730713278
0.0170811729096801,0.015318857621704613,0.015389415987022481,0.014114508038836095
0.013841648634787748,0.015339631987717324,0.01240891006596297,0.015965950972107706
0.011459008419210402,0.01158006374864928,0.013246996822263508,0.012334715838902239
0.0133784429335621,0.014575182757305457,0.014465448354823288,0.014937292962235126
0.012826311556600897,0.014271831414898944,0.018288898502698533,0.013816753669553618
0.017079970313623984,0.014051107411274176,0.014525757357309443,0.01438798186203457
0.01449566605578671,0.013674410056078138,0.012455223153617894,0.015076486466252934
0.014557306734019896,0.015403009482278622,0.015771068110525144,0.016669276287649235
0.009702500969421095,0.012416780961865263,0.011655550380656386,0.011208906359685526
0.016666987594858344,0.015736234982902286,0.01846882716682288,0.016453772901206185
0.01938769436132151,0.015297152489746937,0.014474389977525693,0.012334935651720119
0.010171637745341789,0.015475231032917381,0.013424029123650951,0.01488873226357206
0.011873356038447407,0.01342752408769875,0.01364325832644121,0.014255910051140016
0.014083406836004994,0.015174640552982607,0.013884572336645279,0.01462464166111269
0.011289669779129433,0.012467923761921098,0.012552398861554594,0.013049424273409091
0.011726730688355145,0.014036373395528868,0.013873605626483255,0.014184991205937098
0.010694545764561678,0.012221255122424274,0.011920734590922796,0.012994133863567413
0.013176113020816338,0.013405516922916583,0.01432464653355061,0.013312243962720084
0.01959637958761894,0.01561226074943717,0.02044070132942008,0.01814761240257457
0.012139014795773374,0.014346538195313969,0.014740999737695926,0.013548848480040515
0.013915839292313607,0.013740114188829769,0.012880525370008042,0.01471044076196818
0.01334252784908558,0.015122498241963064,0.01340883741963646,0.015709407594867428
0.008918543554685,0.013998325663455968,0.012280279366298406,0.011584192728254526
0.01330353750424405,0.014995960060256878,0.01786672751057636,0.01661566304241894
0.020075094886092045,0.016271542871583083,0.01892591579062737,0.020536430933156675
0.011412821926214425,0.014426090621536047,0.014320459855807481,0.012650794391962351
0.012204380718720879,0.012122337231430235,0.012234250711405319,0.012041904028036232
0.008903109735290748,0.012681975571376633,0.009128121077253963,0.01217237434225658
0.01069145589598379,0.014792544889755064,0.012952509608225023,0.014469678517777019
0.021599839675380948,0.015451262967863916,0.0161399864367269,0.017383551244633783
0.015192996956931347,0.015459330046983246,0.0162914869466192,0.014940843256665708
0.0213973678948915,0.01620985039435198,0.01806461436972393,0.013946449940660263
0.008903274654111934,0.009914068338999694,0.01045014424038837,0.010313106715042432
0.017678310938473368,0.016195847068645387,0.018640552075765388,0.01641329873041717
0.014788029592949944,0.013356558446028045,0.014759247827878255,0.012887613752386227
0.009617871565430865,0.007882644818572121,0.009777894470877527,0.00928419137950078
0.018480160767476526,0.01463517088467477,0.015582124221466122,0.01613169970847074
0.00858842016345682,0.011593962226192979,0.01245979505517215,0.012939549667437631
0.0095904638259704,0.012104193067389184,0.012482568829717659,0.013436765591966816
0.01130053660644394,0.012172810051398046,0.01351777884361971,0.01375501664735613
0.013625636617887717,0.012569512197554464,0.01457664884796005,0.013817698343447066
0.011144955934478413,0.011909426427253842,0.011797995126103467,0.013453954100264103
0.010777739525086066,0.012743009359614114,0.010814575533430449,0.010837691473257971
0.018700508542566257,0.01381072252508514,0.014577404077066015,0.01563522986932053
0.015697070593874363,0.014062944177731379,0.017995457506636676,0.012515027963871325
0.010958214041352825,0.013364321392694539,0.011304616376520813,0.011167771610238913
0.014294083378084792,0.014394389889143978,0.014916748650341823,0.013126790974008205
0.012666096020482447,0.013843587865895308,0.012525085320957967,0.012936802575709429
0.011282576304149184,0.013365036369171985,0.011211982129666792,0.01219767513980091
0.009938573375453764,0.014147882068205763,0.010010646329817477,0.015307579866184931
0.013613872967032866,0.012947067155123787,0.011652766177231152,0.013182933025270484
0.007538633128202327,-0.0026585293027442305,0.0010056843817979454,-0.0014936873328459943
0.010394792973197751,0.012666620681409715,0.012678625656954837,0.013140060312956316
0.018240391005098645,0.014843016069643262,0.015603120313251288,0.015339423413634387
0.017816451342967922,0.01460402193805485,0.01668780807159539,0.016265837793247008
0.011618974106781033,0.014439324154131671,0.011961605624786889,0.015198384792891978
0.016866669490137206,0.014928441044969078,0.015519799494947254,0.016876536067648593
0.013286410259021119,0.014720841466321896,0.017278340473859656,0.01683429015808788
0.01172497487883688,0.01153073661499806,0.011276055569743093,0.00985319289771442
0.019207151229012252,0.014646483278851409,0.011956987186663697,0.013848311754423142
0.010898420804795892,0.01517065453130275,0.018413626404409293,0.015288944164376397
0.011752418959454117,0.011975474018028114,0.014135513170703252,0.012245530338976079
0.011351911452849806,0.013662331165699143,0.013658567849299114,0.014219178217028783
0.019320584276943716,0.014459760252029089,0.014899910895634073,0.015229342139275185
0.02343684080862116,0.014847337450740667,0.02096095342092677,0.01675005910574782
0.013655536390895912,0.013152002679992916,0.013120107196211064,0.01303905960733067
0.012107242739606571,0.012648723841764449,0.012449423023111562,0.012933473597632627
0.012699091068103303,0.014505300233478027,0.013091189032588036,0.013880630583735044
0.019421502588518113,0.014569747621722908,0.010864987933749005,0.0183369337401517
0.013870431617726262,0.01523029642485466,0.011549240247164668,0.013925113953374653
0.013419656806297163,0.015903005063039266,0.014834467580482819,0.014761065341758847
0.013541320655876654,0.014590420405447429,0.014348083514329864,0.013490615809974089
0.011332406234996276,0.014395983407421192,0.011700375878276464,0.012678025986488348
0.01152601708217365,0.00948578560656986,0.011336005184776048,0.013067501052184901
0.010018922760693487,0.01119103453189096,0.009704155991248992,0.011686910886496111
0.00981545206370911,0.009132998921133135,0.010512797459133428,0.008901574474020374
0.011140201331705263,0.010854088227166372,0.0110906022885261,0.010336006079910523
0.0156685635158007,0.013948653763392858,0.015285214905278528,0.01633030577119586
0.010026111841051778,0.012263495256714078,0.012177413562640672,0.012336031824300629
0.010008646119164067,0.013694414386291149,0.012083779743022507,0.01349721590156032
0.012850000300172238,0.014595260206355182,0.012597843009782159,0.01323373504563391
0.008473071486339356,0.013244846919991471,0.010814268360329183,0.01298432152369209
0.009446224567975996,0.009279196100387068,0.011082262235205509,0.008535779237887824
0.01675565639375373,0.01456009736170132,0.013609999577665437,0.015272878802429134
0.011256392181674558,0.012830722755377836,0.010997697014494628,0.016069724407124085
0.016961784625032984,0.014840361393326269,0.01977097877595513,0.018073707095337607
0.013745219837543541,0.013686909671468645,0.014256476086353335,0.012866617936225195
0.010264952431638105,0.012949328056142191,0.01196420708322584,0.012375440772165463
0.009564178492281663,0.012650532536023494,0.012537297845939988,0.012803020000042752
0.009646236802953026,0.01372944768640248,0.012123611497800741,0.011963505174282262
0.008845901542875005,0.008691373269061334,0.009646174013586957,0.009452842395423112
0.013031404949423637,0.014906010943838744,0.014416572036688141,0.013448251428237443
0.012263384305629683,0.013820146523724545,0.013694783563600928,0.013279400750613207
0.013721605219825243,0.013480486465937566,0.011134952095817986,0.012865949307950417
0.012647934944235627,0.014315609695521458,0.014539155655547708,0.012313826081900344
0.014535394271331634,0.01410850267343039,0.01586843297977864,0.015084444468509357
0.014277130400373077,0.013460194169414574,0.013690064906198781,0.012380643781686178
0.009668634176280062,0.011461217237117018,0.013690525582858687,0.009605022555196074
0.012952287779942659,0.013626431661756361,0.014880713597916397,0.013435180032766995
0.012763042944081322,0.015886427596053545,0.012944457565690893,0.013397965308059359
0.01407496334694016,0.013095220643983364,0.0133995012750966,0.01160432277441541
0.023008198820121974,0.015959928518844965,0.012557109902206647,0.01706663517119227
0.011132619426378155,0.011689783700917871,0.012477057340989934,0.010185725902369068
0.010943756593276698,0.01243705237133362,0.012032573633819842,0.012314940032511584
0.012874016480724452,0.013524124168678127,0.013845670260729012,0.012854594908840136
0.009950317988901072,0.01371614692245868,0.012328814767864283,0.013346826563916761
0.012540302378113377,0.012910762604301705,0.014137557728895748,0.013454312623380807
0.012545224341696706,0.011851864501986846,0.015490092759039665,0.01370322746901519
0.01141604405542062,0.013033801947429442,0.013251809570423899,0.012399999543836427
0.014524745210135265,0.014191700407124976,0.014193925135586826,0.015390502880357903
0.014434327403955994,0.011929438664227934,0.011987061699125584,0.013941778874551905
0.015230520472114154,0.013992636855675922,0.016670707953300324,0.01599077461781854
0.013163108440713597,0.014930984970665235,0.010427198064520277,0.012792287893788345
0.011373915038519256,0.011313935012924391,0.008927032823999845,0.011688536218642569
0.014150419353962013,0.014423564375830644,0.017263919261929703,0.013502670160910026
0.01438147553446564,0.013600895204589908,0.014212739851099679,0.013500633322892412
0.01232202462274979,0.013476089244518919,0.013620905467922072,0.013136797130184476
0.013078649499281624,0.011442368441627604,0.011044607360734985,0.013824363940656871
0.0168609651582363,0.01586831915294022,0.013584633170285194,0.014380388841712924
0.010355862866822385,0.011436463849366515,0.01030865803580437,0.00928919533656807
0.0161895095064826,0.01379325795073036,0.014597947995531328,0.012746895813021481
0.011314143656842239,0.014017130768820024,0.012861444841713063,0.012070982922020034
0.012650276338771135,0.013362153411243801,0.014275046269741295,0.01373093917698741
0.011083968475779256,0.012966688301162165,0.006201480859951484,0.01209717145603794
0.004635792001591227,0.013730308759221254,0.012814533923673797,0.011180877564607531
0.011989216645133076,0.010872674369370132,0.013967404240412085,0.011868836748515138
0.013211492442666794,0.01468655712652088,0.012357560972969611,0.012778612937515841
0.01204984919507266,0.01411204475439433,0.011825126527099487,0.01373744429643151
0.011245397856968244,0.011540048288703876,0.011417919435253424,0.011538021713035397
0.018585709045538537,0.016004181279165322,0.016028321868016646,0.01477561003771322
0.013735853593472382,0.013475996667549346,0.015928082421084275,0.014692551059605017
0.011937444832594148,0.011315505308113849,0.0129533000130214,0.010284462400216417
0.009298411197223966,0.011308215179866878,0.01126032335153629,0.010496363321878751
0.014198272902132193,0.01302920629650529,0.012350715437274038,0.014749398538842164
0.011023628731489498,0.012263762969305678,0.014360335251431402,0.011570061980793066
0.01355585770463576,0.01355791296855141,0.008789910075521806,0.01576964541763769
0.011040643539907819,0.01211509328400567,0.01421651366490111,0.013113486254090524
0.011450018157787296,0.013602978672226278,0.015805590141520207,0.014078957081282917
0.011594031323569724,0.01359139703474818,0.012680873240402003,0.01063468948747311
0.016367581763520378,0.01549120734875617,0.016473162554343727,0.016321331106223858
0.008922289301779341,0.01100803391819442,0.010830573536803964,0.008531037782868137
0.014203510284206362,0.014192055122059523,0.014683847054303572,0.014999784632238666
0.014788560965866986,0.014182541543407257,0.013915444874160809,0.01415048546964063
0.0163531784655515,0.015114487353708338,0.01249887753102354,0.016949301305997568
0.009899711844384308,0.011889371115286082,0.011592396913519362,0.01146388168809205
0.01078402435065354,0.013506207890573446,0.01182260773648076,0.011709804957036518
0.010701816970930332,0.012717703626879042,0.014474779494056397,0.014219208592299665
0.01155342310579915,0.011827952258982843,0.011411012131418057,0.011882902189751627
0.011914067176501047,0.01246475041187399,0.015648058178820232,0.014886901200220385
0.009877902268047578,0.014718759790891607,0.01300807900624985,0.013683142292707036
0.012711293966333158,0.014173020376978516,0.01562096839533066,0.014560915841482485
0.01231799326749309,0.012194465370664199,0.016271100846614168,0.01409549143485615
0.013498910720612996,0.012756746458063614,0.01233653839347787,0.013260734981302987
0.009865021204574394,0.011667661274026004,0.010613944641797263,0.01265483782213279
0.0108364053877022,0.01492769115742685,0.015192876798976913,0.014689779434746482
0.01264418706706787,0.01462686139500846,0.015515059731907727,0.013329141920277832
0.014628565923932371,0.01414608568390379,0.01235901819942202,0.012425358775558764
0.012711289198536584,0.014372677353061018,0.011715751795577472,0.01372741194823595
0.012546636135530795,0.014401102214528356,0.013039022536619465,0.015657085804716173
0.01030771800271944,0.012002927020242185,0.010422984887409422,0.012564465269207162
0.009814175453100718,0.008606941336713917,0.007304365595503877,0.0070252384025267355
0.01414933475151526,0.014602287874339941,0.013682315337023299,0.015529550378704434
0.01160235730056208,0.012101891342489061,0.013227132633557608,0.010980826860236282
0.01219248049518433,0.01170768082911954,0.012098994875467655,0.011570664631214478
0.01703436287261413,0.015165947887374858,0.016841864475365526,0.017893080844054617
0.013623463153976206,0.011247906206104365,0.012295102688551853,0.012051940342338445
0.013837047874151236,0.013955200655383878,0.014075221255644893,0.014282064235931148
0.013439434631131973,0.01562543065987946,0.012521342973721393,0.017269428897858777
0.023795390642636846,0.014992359485806597,0.013580438120937517,0.01526097430346144
0.00837243487781332,0.009370162940406712,0.008134607067321383,0.00862931914677303
0.013558082156918113,0.012862361577518895,0.014405168666369844,0.013065156222272641
0.015655436125600115,0.015017379656028323,0.013680644036665524,0.016436949924395032
0.013875760225071414,0.013291302258283795,0.0127421612486249,0.014259212613865884
0.019402937638549656,0.014776119739868995,0.016980167780590083,0.01728109941887971
0.016266515584930984,0.01453903438181013,0.013546725276630273,0.014932329062273604
0.02367129355636266,0.015963219577938004,0.015081760580234832,0.015488967323152053
0.008265027154422188,0.007531494214052312,0.0055237048824648555,0.00690846881153424
0.015070119377575606,0.015606021784305474,0.013903536348232794,0.015869186112560937
0.014759409418455192,0.015230077810245688,0.017173213953360068,0.015245021073895854
0.01491584505283038,0.01471304207659897,0.012747685184030595,0.014842958464262108
0.013776594504499477,0.014868938471231165,0.015733339566455968,0.015261886542033119
0.011994667509969147,0.013026161710605277,0.016112354245603786,0.015095232029505202
0.011851262613122776,0.012070797237555846,0.011208545044954065,0.01116481304111934
0.013171246108413769,0.011653627260163663,0.013160379993632787,0.011363301646729006
0.01361334843724702,0.014168013753096082,0.012089425775382582,0.013808947421519792
0.0073971755997711865,0.00915112788345105,0.0050107005664758,0.007660575604237264
0.014295520787260384,0.013644742889165243,0.011568966307326334,0.014442044073804911
0.009809505386377832,0.012464204186464958,0.011472045069352,0.013326423614829486
0.016362671574853285,0.015352704342933333,0.0202738626054144,0.01738863281513477
0.016891489558322686,0.014059992671046845,0.013106390796078608,0.015769017108616244
0.011982923727774025,0.014426807072268656,0.012538923180160918,0.014483549762543766
0.022871370607055016,0.016001283922625092,0.016387064968462976,0.016641337814676818
0.010800599999158354,0.015585485677124252,0.014594446376697292,0.013956824229563835
0.013587987795025316,0.012736107573549598,0.01648543734071311,0.01509844981320901
0.01916106067523484,0.01569192072335273,0.019831560204799304,0.016581124548309782
0.013085809603522285,0.012946797031183056,0.01123390142975071,0.011458744373169382
0.01339646033379453,0.013781707920528503,0.01658993440677453,0.01588639291061449
0.017395994784569747,0.013721391937729753,0.01654503332340688,0.014565045678400473
0.008615376152753419,0.009914478614907775,0.012517385510538461,0.01217954607656893
0.01227633983411128,0.012763817448082478,0.011418723258484233,0.01179782219881357
0.011632222736536142,0.012266669714974044,0.013804876296154286,0.013264055041287099
0.015252339290159213,0.01363779292554878,0.0152811785539083,0.013532316137199529
0.010438235755816566,0.01218829188725381,0.013931106006785071,0.013184937673200116
0.013603907708525226,0.013413971402284909,0.013310526221999772,0.014619729309343625
0.006321922977728017,0.005609861767133864,0.007543854130622809,0.007465817052956229
0.009890321672727024,0.012091321849369473,0.010957266933128911,0.012149591950813693
0.013802785094403688,0.012643650593279482,0.016103745143687877,0.014304458851031768
0.016464925283603125,0.01459088559512427,0.01462693432480203,0.014256100523852476
0.013580567334895585,0.01417629807469472,0.01634018571550295,0.01325419234417877
0.012386989465721625,0.014496078658614325,0.013537082827871399,0.013815798200006484
0.012671112268051399,0.012982091702759246,0.013003259496880186,0.01088190567466607
0.015089755829987148,0.015188770046212163,0.01283875845637019,0.014026772419323227
0.015955923068174137,0.013387215597701785,0.014684570539635768,0.014680832834342336
0.018416632496811275,0.014510006319958687,0.014211767648541047,0.012956641087561867
0.01496884574528444,0.015819741302863222,0.013383874564784768,0.014347456881148071
0.015787938473108623,0.013924611057361891,0.013249988433144858,0.012989879028889224
0.01729655993142019,0.016027063441114604,0.016838672150169112,0.014346211678374615
0.014552340709901596,0.01358323343841048,0.013941436267866987,0.012584812706761206
0.011657352103944946,0.011850503645463115,0.012063842958612223,0.010851335802148436
0.014533677740002325,0.012541440674245894,0.013034726949422527,0.01518962623988531
0.013355013746765797,0.013849670186995863,0.015936204829862015,0.01435840133855627
0.011865823787031073,0.014568979830179017,0.013606349005671828,0.01455770101880049
0.01270008480112107,0.012727984632996556,0.013145046479687224,0.0143011375749674
0.012792948822126605,0.011909346910234441,0.012753900026612523,0.010288759712461598
0.010214147434403256,0.011945965486265914,0.010596446376462905,0.011907053466750023
0.013717654675909224,0.011886079088023088,0.012303386474520481,0.011552099873771772
0.011396381750045429,0.012915868344809912,0.011400531144849443,0.012568667227526443
0.011722209164231522,0.013462022213222973,0.011774320993021172,0.012812056305821018
0.015032454902010786,0.01397436231171548,0.015356420628699078,0.016064387835689902
0.006782592805261823,0.008260454200945028,0.002050673180744313,0.008038020372186658
0.013733585643709481,0.01323584674462309,0.011750949111912141,0.015754976670689733
0.013382844411984098,0.013604433936824173,0.012750975378212855,0.013059524028736063
0.015607659208294277,0.014472775360523453,0.015711070069773115,0.014883722004425698
0.02930182675598424,0.015211338758425673,0.020020146991788355,0.016451992085751845
0.01045132070824329,0.011635592072196912,0.011283907342161732,0.013127817960804042
0.008271116381554457,0.01332480862258619,0.014762439619542066,0.012236066675621243
0.01268708329621018,0.012385302987257514,0.013008892248761329,0.012158633207995019
0.010378255051661307,0.012368735114345237,0.014447634421385112,0.012584238492555716
0.01146618373628381,0.013893830228560621,0.011910170683689773,0.01461102572505606
0.013069867698575668,0.01529365762750076,0.014272362078392678,0.013176200397082706
0.014843781301158775,0.014316160624539016,0.014500378800053806,0.014673405191925788
0.013199015615272668,0.014903901001864724,0.013153377308716768,0.015342680278551447
0.018586729578770795,0.015438766960166356,0.010794742839322323,0.012687229893493265
0.01637391555436282,0.014807660648230324,0.014271580992429398,0.014789135938288098
0.014684254112500471,0.014403819170108413,0.013275611037206893,0.01387382071595693
0.013458274809948281,0.014823225836858446,0.014043787938595821,0.013857597352736973
0.015388355576894913,0.013460816855334509,0.01121190953555238,0.0144864733430497
0.015435993744869994,0.014372741641424071,0.017943266351291676,0.013264959929877725
0.013874323334647911,0.013807758720511768,0.012001906074982856,0.012865507785083153
0.011201895407917124,0.011121471821529238,0.010621560673294245,0.014686419517824076
0.022734185594769137,0.014839292494827391,0.02141325294369788,0.016977011150640337
0.014423893334806502,0.014235429095535228,0.015761764280152756,0.014084962803108258
0.014216915937766594,0.013359494427840332,0.016514162025761947,0.013227376108891784
0.017809781511621013,0.017174206878229098,0.021324573794851785,0.013939792941072768
0.012478625661006198,0.01298773276781584,0.014374579053720912,0.014720520841781808
0.016218885849255106,0.016372199483655613,0.01687713007148869,0.01643941426499566
0.01579626944634196,0.014953852450215471,0.01407317446071105,0.014477864504293943
0.012616710532701903,0.011261727194733746,0.012550631969701034,0.011781258434958312
0.01450109118342547,0.013371134893491158,0.013460812282335952,0.013519313712128457
0.014106057159956366,0.013742515257942924,0.013180885201049198,0.01639507052231831
0.010390517754393723,0.012475522941280959,0.011749934115103602,0.01221041995108477
0.012411876426063354,0.01443273509093303,0.014486986346954049,0.0138973813158709
0.01261175033078787,0.011921353961749127,0.011299612472784486,0.011727503322209001
0.012589651663849392,0.009481742956022993,0.012372623956130605,0.010709444242231287
0.014161060890627124,0.013613532244353433,0.013029186534546235,0.017244863598255826
0.011810796905238168,0.010905221274800956,0.009144391703006932,0.01237773651881242
0.013223721440594385,0.013863227070214621,0.011953920831355696,0.017023123377784603
0.010104728092957649,0.010644503295558511,0.011210884169942821,0.011025518743496963
0.01227088069725302,0.014793775435925322,0.013237237397665039,0.014240289761857886
0.008838092292179058,0.011197704475005496,0.010698390566986009,0.010910892761384227
0.015878066301355128,0.014022170939885626,0.015339847913628593,0.01493718971316387
0.011988959065952088,0.014149997282808115,0.013520106252338005,0.015866475050461026
0.011290167200895429,0.012842687216949518,0.013424079381189155,0.01277737437892356
0.012901401119610818,0.014474798942319692,0.013740961374058662,0.015434045424398106
0.01127704546585949,0.014028726243696672,0.012051952091948155,0.013357824975213732
0.011574467349468646,0.015559146513887151,0.016885061202828455,0.01679534924458058
0.01393975284802543,0.011375928415280647,0.015151007758684873,0.013196609604268264
0.014484980926848183,0.014058363779448463,0.01420415817282419,0.013790712215587888
0.010998189564808709,0.013475382218418368,0.013453804288286693,0.014657134624961399
0.01681240782449716,0.014654934128816533,0.01564550653261071,0.01512653605159169
0.00959639167465804,0.011329235995637548,0.01215596139821757,0.012200696971281089
0.017601777454441078,0.016100219394644923,0.01506698742525955,0.014470252989927448
0.013817973225886251,0.013218499963121447,0.0127404377790061,0.011598506528771715
0.01168807254602407,0.013749727796825881,0.01297968101728706,0.013675943044628304
0.008451752551383588,0.010869488156493173,0.009373632026229702,0.008574716557701057
0.01280591638862542,0.012965161501383281,0.014186754610938365,0.014408523190473244
0.009763415231354575,0.011844271261764674,0.010970891353395306,0.010242584580355825
0.01396702136089499,0.013876998235130503,0.014569512183764684,0.01456678380191314
0.01845063750070479,0.015914257803639083,0.015847325020430934,0.01558454505473021
0.011799261241887994,0.012696285418257774,0.015597428811824507,0.013130835552338908
0.010885787198455777,0.011890734339139288,0.011508157049456909,0.011369163161555935
0.01540367857300702,0.014576542768007626,0.01632957105141148,0.015768841281907413
0.012842587394826795,0.013036211865290886,0.012375170601024058,0.015337473972837835
0.011589849974012804,0.013326014141139758,0.01396621769848692,0.012183191671021535
0.01696378381530076,0.013300602439266545,0.014495754473734468,0.014751420360374818
0.018838739809028685,0.014950567340504305,0.014710155965568631,0.014883542102428421
0.012587018563013367,0.014563625336685202,0.013490010308805967,0.01425672555495549
0.008714857079367557,0.00762616649603334,0.008468033355883624,0.010690411502347529
0.009053502857318652,0.00919097139305615,0.009064488052405461,0.010634011276799778
0.013916602290992015,0.014158824922676583,0.012490542953330675,0.01561693043161555
0.018442070969482777,0.018393755589352336,0.014486613931053834,0.013681253714692396
0.013686570752883032,0.014682654802307144,0.011692083628819211,0.012650337149476887
0.024749591782668348,0.016609067120072544,0.014645765690674412,0.016210613580394082
0.014002866135290209,0.013058439828338755,0.01152737940366965,0.012228781847020961
0.009002606233546515,0.00995953053740274,0.013016526245767629,0.008893218007533885
0.012813379754136031,0.01183820644707186,0.014034612415481686,0.013552612676105137
0.013387318173723753,0.014478341825504552,0.012481194533020344,0.01589361450432184
0.013488505389981944,0.01282244402143713,0.010755413630071514,0.013877620585562881
0.011336683060410475,0.01219443989317177,0.012612745362091279,0.012954071868963694
0.013489811425995542,0.01309195444208181,0.011229457410806571,0.012838643796313954
0.012711621870677956,0.012854036550534773,0.015020897647220345,0.013242347596194222
0.013185362475495298,0.013685646885683814,0.014241170911912914,0.01440218108952661
0.011030864836291714,0.013972703680817636,0.01301304993142486,0.011794111528697634
0.011932315739107548,0.013646911506110157,0.01184585324732328,0.01390091587669566
0.013450046863261143,0.01467732046420647,0.012442452997987258,0.012381742678927669
0.012449406210643072,0.013685069319393253,0.0099361334641592,0.012123981845088484
0.011166712762992508,0.014029007309999215,0.01412618291938117,0.014417850778893971
0.014618510936333259,0.014079441917718554,0.013128257772444394,0.014445104847528976
0.015876777279002278,0.015075044877234711,0.014178868912801658,0.01412900591793553
0.019896455190853347,0.014680903474681579,0.014084065206998363,0.016775323490914533
0.01936103516642923,0.016158025142673987,0.019248205720167815,0.0183325542098493
0.010218215205689458,0.012284339881745885,0.009725013722948189,0.009710811647670898
0.010644449020766895,0.01400342730694087,0.012695258132412308,0.012936135277301357
0.015010988959876903,0.01384257550869644,0.013738377964312314,0.012330552165349373
0.017776366171506446,0.014083574137884174,0.01549750008023704,0.013259280434084083
0.012971190404035923,0.014239575598885225,0.010838334811848746,0.015133029527964923
0.009007891534603341,0.015199755570827742,0.014482746885621914,0.013533119063686993
0.016271771013214382,0.01583326442878104,0.013951890509828948,0.014563109210380466
0.011510030020571018,0.012187452422981299,0.011050893060470248,0.009562419521601865
0.012544601565508361,0.012865360064403475,0.016353182423989032,0.014326528600595499
0.0124287588865463,0.013948451035942059,0.012224808106853825,0.014069142411167024
0.013126710245453192,0.012240758561260504,0.011533130814323278,0.013152897415893783
0.012795611884814526,0.010690466135761778,0.014240770493058434,0.012892909411381447
0.021720933924329076,0.015019316365361652,0.014831839275407006,0.011325313767932107
0.009771329741312635,0.012495752640941505,0.012275326710041792,0.013519626916448375
0.011345968644804569,0.012408021255068118,0.013514756952725662,0.014438351114850208
0.016844343332473383,0.013093240525999795,0.01141339806596885,0.016845843183528445
0.014087605685038411,0.01454806599144238,0.01233562491071516,0.01546433337946019
0.015201987277861703,0.013647045601755083,0.013755629141908306,0.01116734416006935
0.01797407288781797,0.015885799016711104,0.012081930938558343,0.014537232669870538
0.009567245571238264,0.010997194035937838,0.00836746140469653,0.008595227250235546
0.015219992922387331,0.017458869617294048,0.015232820735744293,0.014077946773582548
0.01351810341819221,0.013850296018870376,0.012240072494013744,0.012405535609580513
0.00659024446385844,0.009763657193237213,0.010694515404581066,0.008838099524064821
0.016679732562120967,0.015100164329243038,0.014640053570511,0.013177848253718335
0.014880475628767181,0.013812660759232853,0.01662718713684944,0.015243556094731218
0.011427571072152625,0.01310401910213403,0.014173832366137402,0.014662668106117886
0.011115336416968016,0.01197705585237892,0.008796771750693114,0.012184182864719428
0.014496357579053296,0.01542095271625532,0.015289014505109139,0.011362550839250403
0.016719723388075147,0.014305457866485027,0.018154599976739176,0.014551485878383334
0.014112451258509951,0.015038708249603641,0.01594570368986598,0.014492486227438883
0.00888855952457501,0.01068349302310722,0.011103233191410527,0.012028272267035414
0.013919677890617627,0.013794847889290654,0.01662366135559735,0.014298694745212025
0.01511601756024825,0.013703234354737717,0.013529212997821827,0.013463136370736515
0.012261998751895872,0.011749304675228297,0.013442028468198211,0.013895365960835356
0.010542334116155225,0.010999124868922329,0.00956980561136729,0.010541271099000682
0.015719045438871364,0.013712066279356562,0.010756795282917491,0.013313027302220696
0.009901866413623544,0.011644535240368873,0.01307705124772967,0.01333970082615127
0.013142396687912502,0.014744496905183622,0.014911685271820789,0.014517623513336788
0.01249436532440866,0.013009500073598954,0.011626363141255093,0.01182052242601453
0.010793355839284837,0.014248899353595624,0.014668496185719637,0.011665127371722046
0.015322348182613778,0.014947285369619522,0.015238538104858382,0.015649623882510344
0.011833876180845016,0.013314189856494244,0.014581346722964243,0.015593103411269342
0.013538929612492482,0.014531765258604282,0.01853548638256712,0.013010924384614719
0.012316695081116907,0.012902032189335434,0.014380089404758462,0.01328603675872709
0.01232849561452478,0.012169631531220956,0.013739432821545963,0.014072162172485816
0.016130434746829413,0.014994134923317724,0.016310803101587428,0.015250157196398485
0.015342187711820797,0.014457255416874065,0.014505966560922644,0.013452883597145106
0.010882412686842525,0.01306801956089086,0.015048686141504355,0.014999028102209232
0.01059429599899945,0.01307321270499038,0.012644095632260804,0.011308307877768568
0.013675773577518854,0.013254652543325642,0.012041999121890825,0.016015912363018553
0.010452569519347307,0.013226756247897584,0.010155623163140667,0.011317338472591488
0.009515605675400295,0.006203276221326516,0.009046707292776103,0.005420031722868521
0.011187824732974794,0.013762017662875825,0.014412464992055316,0.012900950967599939
0.010936091469192007,0.013075697126787206,0.011991767042612914,0.011996853743704359
0.013809270729495528,0.013495151965111855,0.009942998429934685,0.01318454242234879
0.010646898065776973,0.011986918931339427,0.012511928126556764,0.011648877142431917
0.013050817771826297,0.015168778783589737,0.015170379233585204,0.014606958227362667
0.011736508640400403,0.013935751626891426,0.013001700727256909,0.013423213136100214
0.015529245891046345,0.01492378127274668,0.014665642080531983,0.01395326812985521
0.015389192031418447,0.015184423777373399,0.014877418752699753,0.014240359980094024
0.011112255802241289,0.013786553670304062,0.015911069273738903,0.015973823069245503
0.014833457480800404,0.014715086683756522,0.014587771539183923,0.01565444801817418
0.008296512435416351,0.011983181996716375,0.010393372797822618,0.013308198460179171
0.012634354444018038,0.011434415883280605,0.012904591996329214,0.013427070732962228
0.010348965769321157,0.013392226997170437,0.014126541122675775,0.012037186579866738
0.012419626162159546,0.01404208118651711,0.013607682275492253,0.013258279281913133
0.012048862626136279,0.012364936608083797,0.010340354357153848,0.015272629425406026
0.009476623765540895,0.010180693648064915,0.011632186882376949,0.011179382751585715
0.014370735006307207,0.012386043984346468,0.013572385969393561,0.018021074538371457
0.012343857128495693,0.014927094084968968,0.012944939086522535,0.01371450546140086
0.018154697503583478,0.01475412069454724,0.01557939990093294,0.01547783514450345
0.015759251467387596,0.014732289177344884,0.013483265174158609,0.01659010088584531
0.006863380166627402,0.011271313211402647,0.012391429858494816,0.010926804957546499
0.02053801472780178,0.014618254511551361,0.01573367012032442,0.019602985360686557
0.009196244686331598,0.01335694961506469,0.015653311649311226,0.013231145190920616
0.012348878061527443,0.010410726014869347,0.012211527523460199,0.010954379397580871
0.010400064785841798,0.01355528615838299,0.014930045891481034,0.01315388989938511
0.014131094185256154,0.013312440338158435,0.016044493895049527,0.016544431654606555
0.010441114794913782,0.010297355101882115,0.009299577230730972,0.009371676157075346
0.014158491166409163,0.013825464700880363,0.01066731688890607,0.01416592256312232
0.01149272506277544,0.012752700349385358,0.011204834860067169,0.012472380811057464
0.010203829281065436,0.008719465233396676,0.011232634961919851,0.007688072597221006
0.010970218196589838,0.012982220211070676,0.010806696191837856,0.01275684622238495
0.01015975749008528,0.005652628062976195,0.010031271190824906,0.006087516983326963
0.012864305474481821,0.014795760386630713,0.01510980684165391,0.014439214087460754
0.017685906607842028,0.015790638405834206,0.017098359836016635,0.017084935032345577
0.012115062097992242,0.014315239655205257,0.010704012149647961,0.0131442387690308
0.010479289523704426,0.010648105553371602,0.011215965367769351,0.01064531095807755
0.009355091293018012,0.01121094082362457,0.010805251389307675,0.011968170233877693
0.012890947532264822,0.012827910787969622,0.012488434672404056,0.01356972570448955
0.011910681290374616,0.014789956016775378,0.012077891264092883,0.013108542745249212
0.016109481115417584,0.014491329679167176,0.014333433716356345,0.014887524079961807
0.012681746772813692,0.014313853193435155,0.0142150810048507,0.014628439145384222
0.019894048510139487,0.01595435848209687,0.017578341462257296,0.01706396004479944
0.013685571339592008,0.014711606870600896,0.013683079412849224,0.012638233097076026
0.014275530315791898,0.014682293922766477,0.01291482285190534,0.012081195512848267
0.0170832939533859,0.014085126294836669,0.012900604399151725,0.01306639982699735
0.01176039572203045,0.012760580647079146,0.01509952154770066,0.012403718098870026
0.017543029805595915,0.013438263878945087,0.015117779579845874,0.015522464666488734
0.014794150650967536,0.014767984982404708,0.014173677569690457,0.013986894969428232
0.009753410974766726,0.008942544183760864,0.01076615448929727,0.008817302929744532
0.010224977462262828,0.008869537930007415,0.01082724326894521,0.0073528449744249096
0.008355301556312512,0.008031965960610997,0.00408977751882981,0.0064813151729025825
0.015212788520927778,0.015299146274131833,0.016836646506948563,0.01311413698303942
0.013247695422841363,0.013410185315565924,0.012060899550824743,0.017070464107935376
0.013338747095245143,0.012320279572380495,0.014013180809372684,0.01185936813624394
0.013001389530591267,0.01115990007430517,0.012887332026435955,0.011372877693927853
0.01450138797427748,0.015091632404191292,0.014062985539623384,0.01448081509490053
