name,year
В дороге,1845
Вчерашний день, часу в шестом...,1848
Дедушка,1870
Железная дорога,1864
Кому на Руси жить хорошо,1877
Крестьянские дети,1873
"Мороз, красный нос",1862-1864
Мы с тобой бестолковые люди...,1851
О Муза! я у двери гроба...,1877
Поэт и гражданин,1855
Размышления у парадного подъезда,1858
Русские женщины,1871-1872
Тройка,1846
Элегия,1874
Я не люблю иронии твоей...,1850
