,Author,Title,HD_D,Average_TFIDF,AuthorRus,Rating,Value,Length
0,Blok,Девушка розовой калитки и муравьиный царь,0.9168796132595411,0.0003119676496874,Блок,-1.0,0.125,21631
1,Blok,"Ни сны, ни явь",0.9173629008596138,0.0002239124190326,Блок,-1.0,0.0824742268041237,6580
2,Blok,"Сказка о той, которая не поймет её",0.8342619653414198,0.0001782858606212,Блок,2.875,0.0434782608695652,6546
3,Blok,Сограждане,0.8930607888330565,0.0001817455121967,Блок,4.0,0.072463768115942,5919
4,Bryusov,Алтарь победы,0.8944869452557427,0.0003099306858175,Брюсов,4.273,0.1784561197534487,864973
5,Bryusov,Бемоль,0.8762704577807201,0.0001629310943058,Брюсов,3.892,0.0701754385964912,11798
6,Bryusov,В башне,0.873097392873017,0.0001886312519318,Брюсов,-1.0,0.198019801980198,9158
7,Bryusov,В зеркале,0.8447384255227919,0.0002137810136311,Брюсов,4.045,0.1739130434782608,22392
8,Bryusov,В подземной тюрьме,0.8938973015557456,0.0001609340105181,Брюсов,3.715,0.1568627450980392,21733
9,Bryusov,Восстание машин,0.902735307839026,0.0002428654797351,Брюсов,3.382,0.1363636363636363,15114
10,Bryusov,Гора Звезды,0.8936274361479961,0.0002432844091253,Брюсов,2.812,0.1586469747498809,134312
11,Bryusov,Декадент,0.8897224631879664,0.0002297800795089,Брюсов,-1.0,0.1503311258278145,108306
12,Bryusov,Дитя и безумец,0.8613129969064275,0.0001347263088986,Брюсов,3.587,0.02803738317757,6129
13,Bryusov,За себя или за другую,0.8702819623975833,0.000138470507018,Брюсов,4.413,0.25,16788
14,Bryusov,Защита,0.8439319257759379,0.0001873915709439,Брюсов,5.0,0.116504854368932,12320
15,Bryusov,Моцарт,0.8988129301753983,0.0001531043090143,Брюсов,4.231,0.2230889235569422,113652
16,Bryusov,Мраморная головка,0.8413608150428673,0.0001607139851725,Брюсов,4.106,0.1666666666666666,7268
17,Bryusov,Ночное путешествие,0.9014489659854228,0.0002146248176022,Брюсов,-1.0,0.0833333333333333,8480
18,Bryusov,Обручение Даши,0.9109509396067726,0.0002160810937393,Брюсов,4.029,0.1797676008202324,112360
19,Bryusov,Огненный ангел,0.8926181149600241,0.000296274849284,Брюсов,3.947,0.206267029972752,630611
20,Turgenev,Первая любовь,0.864077718088404,0.0002374325589003,Тургенев,4.248,0.1267908309455587,118428
21,Bryusov,Под Старым мостом,0.8995268599374797,0.0001274972572326,Брюсов,3.5,0.1066666666666666,27906
22,Bryusov,Последние мученики,0.9069646150804526,0.0002742682541652,Брюсов,2.5,0.157051282051282,23131
23,Bryusov,Последние страницы из дневника женщины,0.8635672134111951,0.0001875918619457,Брюсов,4.059,0.2072617246596066,100402
24,Bryusov,Предсмертный бред Вергилия,0.9289330262044192,0.0002128085795739,Брюсов,-1.0,0.1074380165289256,10666
25,Bryusov,"Рассказы Маши, с реки Мологи, под городом Устюжна",0.8651993491360163,0.0001694138687779,Брюсов,4.0,0.0939597315436241,9686
26,Bryusov,Республика Южного Креста,0.920798602113706,0.0002915624370913,Брюсов,3.812,0.0984848484848484,45367
27,Bryusov,Рея Сильвия,0.8984117900865937,0.0002111455294089,Брюсов,4.1,0.125,57522
28,Bryusov,Семь земных соблазнов,0.9011064890728676,0.0003035756597147,Брюсов,3.5,0.1451612903225806,76222
29,Bryusov,Сестры,0.882634796812499,0.000204798230487,Брюсов,2.703,0.2283813747228381,27379
30,Bryusov,"Теперь, - когда я проснулся...",0.8696231661042737,0.000249008341843,Брюсов,4.121,0.1067415730337078,18008
31,Bryusov,Через пятнадцать лет,0.8841969937524975,0.0001244225635424,Брюсов,4.196,0.1822429906542056,18752
32,Bryusov,"Элули, сын Элули",0.9009399801216318,0.000140838913356,Брюсов,3.333,0.1232876712328767,17786
33,Bryusov,Юпитер поверженный,0.8885021526313819,0.0002803323745407,Брюсов,4.231,0.1828125,292589
34,Chekhov,Агафья,0.8990524764404311,0.0001574220721443,Чехов,4.068,0.1771771771771771,18893
35,Chekhov,Альбом,0.8824817466717464,0.000148357623535,Чехов,4.5,0.2321428571428571,3823
36,Chekhov,Анна на шее,0.8717201904010329,0.0002004553450191,Чехов,4.216,0.1598173515981735,24707
37,Chekhov,Анюта,0.9038325803841408,0.0001372756563666,Чехов,3.934,0.2230215827338129,7439
38,Chekhov,Аптекарша,0.9063395209230336,0.0001373074936974,Чехов,4.162,0.2443438914027149,9357
39,Chekhov,Ариадна,0.8683420577762098,0.0002310831063547,Чехов,4.255,0.2124248496993988,50766
40,Chekhov,Архиерей,0.8844397361596941,0.0002076493323507,Чехов,3.997,0.215633423180593,29506
41,Chekhov,"Ах, зубы",0.8940793354182104,0.0001279440636055,Чехов,3.777,0.3932584269662921,3999
42,Chekhov,Бабы,0.8801793989105737,0.0002154877812225,Чехов,4.12,0.1902017291066282,23964
43,Chekhov,Баран и барышня,0.8779763985791104,0.0001279413743151,Чехов,3.95,0.1826086956521739,3534
44,Chekhov,Барыня,0.8889183466037655,0.0001966646367576,Чехов,4.213,0.3175675675675675,34893
45,Chekhov,Беглец,0.8775077246880524,0.0001389258383039,Чехов,4.029,0.21,13130
46,Chekhov,Беда 1886,0.8861010600106612,0.0001894434142852,Чехов,-1.0,0.3243243243243243,6909
47,Chekhov,Беда 1887,0.8665892898191491,0.0001559595316788,Чехов,-1.0,0.1870967741935484,11647
48,Chekhov,Беззащитное существо,0.8889276048809714,0.0001343769888193,Чехов,4.146,0.3630952380952381,8579
49,Chekhov,Белолобый,0.8622136859485389,0.000151271476164,Чехов,4.22,0.1698113207547169,10006
50,Chekhov,Беседа пьяного с трезвым чёртом,0.9040945689961168,0.0001561306474356,Чехов,4.273,0.1428571428571428,3549
51,Chekhov,Брак по расчёту,0.903206237917705,0.0001901100696522,Чехов,4.157,0.2827586206896552,7500
52,Chekhov,Брожение умов,0.9049197150854268,0.0001705611686009,Чехов,3.927,0.456,6568
53,Chekhov,Бумажник,0.8902201599076414,0.0001453905549118,Чехов,4.142,0.1666666666666666,4885
54,Chekhov,В аптеке,0.8999321598452209,0.0001476317877948,Чехов,4.205,0.2123893805309734,7294
55,Chekhov,В вагоне,0.9040836431405131,0.0001901176475682,Чехов,4.024,0.3423728813559322,9392
56,Chekhov,В овраге,0.8881039138429303,0.0002630612269924,Чехов,4.3,0.2179616548940464,71316
57,Chekhov,В потёмках,0.8940011688278615,0.0001782072296376,Чехов,4.007,0.3214285714285714,7844
58,Chekhov,В ссылке,0.8774306533422669,0.0002130557623742,Чехов,4.013,0.2653846153846154,16854
59,Chekhov,В суде,0.9081396774770922,0.0002338130385862,Чехов,4.054,0.1780821917808219,12519
60,Chekhov,Ванька,0.8934497274414018,0.00020305407906,Чехов,4.369,0.1219512195121951,7194
61,Chekhov,Ведьма,0.8968712074154388,0.0001865659906204,Чехов,4.174,0.2863961813842482,21733
62,Chekhov,Верочка,0.8869338751820974,0.0002105298566299,Чехов,4.071,0.2252559726962457,24224
63,Chekhov,Винт,0.8950650038747595,0.0001288242056426,Чехов,3.966,0.2136752136752136,6579
64,Chekhov,Вишнёвый сад,0.906440699366003,0.0001644946878847,Чехов,4.173,0.1936720997123681,86929
65,Chekhov,Водевиль,0.8945491075148705,0.0001659266458876,Чехов,3.961,0.2716763005780346,6799
66,Chekhov,Володя,0.8737349998236729,0.0001537259804491,Чехов,4.242,0.2286501377410468,23420
67,Chekhov,Восклицательный знак,0.8854557625822294,0.0001447709823027,Чехов,4.07,0.1935483870967742,8333
68,Chekhov,Враги,0.8911246961529552,0.0001846786021874,Чехов,4.473,0.3796791443850268,25317
69,Chekhov,Встреча весны,0.903453215941538,0.0002184685810079,Чехов,4.038,0.1518987341772152,5870
70,Chekhov,Выигрышный билет,0.8857020478052252,0.0001827367046516,Чехов,4.3,0.2635658914728682,8572
71,Chekhov,Глупый француз,0.8900739974028946,0.000149313194261,Чехов,4.083,0.3106060606060606,5822
72,Chekhov,Горе,0.8978033032793382,0.0001669282137595,Чехов,4.354,0.3990147783251232,9806
73,Chekhov,Гость,0.8996004356205105,0.0001673112795626,Чехов,4.106,0.2407407407407407,7203
74,Chekhov,Грешник из Толедо,0.8781306762008337,0.0001265726607617,Чехов,4.085,0.2307692307692308,10660
75,Chekhov,Гриша,0.8685122433894796,0.0001286976932004,Чехов,4.159,0.2022471910112359,5586
76,Chekhov,Гусев,0.8971261636316961,0.0002133416934982,Чехов,3.857,0.1752577319587628,23799
77,Chekhov,Дама с собачкой,0.8612885444726954,0.0001858579088927,Чехов,4.12,0.174757281553398,30964
78,Chekhov,Дачники,0.8941044640519858,0.0001528693656184,Чехов,4.144,0.375,3229
79,Chekhov,Дачница,0.8958555971928062,0.0001707667698151,Чехов,4.075,0.2131147540983606,4677
80,Chekhov,Два скандала,0.8596625614276621,0.0001740792188024,Чехов,4.088,0.3285714285714285,19513
81,Chekhov,Двадцать девятое июня,0.8799074771634535,0.0001612951231178,Чехов,3.882,0.3164179104477612,12655
82,Chekhov,День за городом,0.8960051539137424,0.0001540311413719,Чехов,4.274,0.1674641148325359,10898
83,Chekhov,Детвора,0.8930507564476906,0.0001680168252878,Чехов,4.176,0.2751322751322751,9328
84,Chekhov,Дипломат,0.8619872389719483,0.0001506944177119,Чехов,4.315,0.35,7268
85,Chekhov,Добрый знакомый,0.8732756874563871,0.0001442128296548,Чехов,4.25,0.4406779661016949,2371
86,Chekhov,Дом с мезонином,0.878243277994473,0.0002306450869314,Чехов,4.431,0.142433234421365,34618
87,Chekhov,Дома,0.8835688178189843,0.0002121809796878,Чехов,4.431,0.2145748987854251,17625
88,Chekhov,Дополнительные вопросы,0.8346718731599092,8.432538043195761e-05,Чехов,3.15,0.0,610
89,Chekhov,Дорогая собака,0.8680526314729003,0.0001065013560672,Чехов,3.539,0.3851851851851852,4263
90,Chekhov,Дорогие уроки,0.8677364974292419,0.0001610246865445,Чехов,4.134,0.1583333333333333,12051
91,Chekhov,Дочь Альбиона,0.894001755495549,0.0001317364660175,Чехов,3.755,0.3924731182795699,6537
92,Chekhov,Драма на охоте,0.8902968502457866,0.0002842664429617,Чехов,4.425,0.2360701267141121,340510
93,Chekhov,Душечка,0.8652727898923518,0.0001888224221012,Чехов,4.132,0.2817460317460317,23473
94,Chekhov,Дуэль,0.8868643116218982,0.000223355424072,Чехов,4.431,0.2218481107369996,194316
95,Chekhov,Злоумышленник,0.8866375172842634,0.0001335567823727,Чехов,4.0,0.2405063291139241,6681
96,Chekhov,Ионыч,0.8756597668207282,0.0002017372910981,Чехов,4.021,0.1327683615819209,33625
97,Chekhov,Каштанка,0.8789619068027411,0.0001980192879922,Чехов,4.272,0.2387706855791962,37612
98,Chekhov,Крыжовник,0.8864219879539712,0.0002260679275582,Чехов,4.047,0.1692307692307692,19765
99,Chekhov,Лошадиная фамилия,0.8908685158880526,0.0001580067281609,Чехов,4.272,0.2388888888888889,6198
100,Chekhov,Налим,0.8986941726448605,0.0001610574767993,Чехов,3.857,0.3562231759656652,8413
101,Chekhov,О любви,0.8593770183673579,0.0002101514611337,Чехов,4.216,0.0839160839160839,18241
102,Chekhov,Палата №6,0.8879452290372889,0.000243340077991,Чехов,4.386,0.2478920741989882,102804
103,Chekhov,Пересолил,0.8889823820379797,0.0001415447311717,Чехов,4.201,0.2514285714285714,7167
104,Chekhov,Смерть чиновника,0.8699943413567872,0.0001313074453385,Чехов,4.117,0.3020833333333333,4602
105,Chekhov,Толстый и тонкий,0.8894791037161495,0.0001402197198787,Чехов,4.061,0.3571428571428571,3514
106,Chekhov,Тоска,0.898301866918505,0.0001521615007838,Чехов,4.667,0.2557077625570776,9384
107,Chekhov,Три сестры,0.8976796931181716,0.0001727501047094,Чехов,4.173,0.214811942613416,107535
108,Chekhov,Хамелеон,0.8881247114941851,0.0001504604973973,Чехов,4.193,0.3098591549295774,5830
109,Chekhov,Хирургия,0.8975543122680559,0.0001824060153033,Чехов,4.003,0.48,6144
110,Chekhov,Человек в футляре,0.8798775286679809,0.0001973141436129,Чехов,4.232,0.2423076923076923,25113
111,Dostoevsky,Ёлка и свадьба,0.8927309470382886,0.000151763737748,Достоевский,4.17,0.0967741935483871,15532
112,Dostoevsky,Бедные люди,0.8707021279525362,0.0002201017243416,Достоевский,4.002,0.2968377088305489,254072
113,Dostoevsky,Белые ночи,0.8547093868811787,0.0001848617098645,Достоевский,4.223,0.3488168273444347,101961
114,Dostoevsky,Бесы,0.8975185412274552,0.0002859229907908,Достоевский,4.436,0.1787347300894015,1300178
115,Dostoevsky,Бобок,0.8946606722328941,0.0002555843058247,Достоевский,4.332,0.2716297786720322,30227
116,Dostoevsky,Братья Карамазовы,0.888170219231989,0.0002686624696874,Достоевский,4.525,0.2077072472656648,1846193
117,Dostoevsky,Вечный муж,0.8787589006380324,0.000182831811664,Достоевский,4.533,0.2347737325620959,275512
118,Dostoevsky,Господин Прохарчин,0.8944976736628134,0.0002430844207507,Достоевский,3.897,0.237037037037037,65535
119,Dostoevsky,Два самоубийства,0.8966766209216757,0.0002004189145044,Достоевский,3.889,0.16,6566
120,Dostoevsky,Двойник,0.8952736036419942,0.000172123009984,Достоевский,3.704,0.1821638437608019,321812
121,Dostoevsky,Дневник писателя,0.8962954253921025,0.0003299227289325,Достоевский,4.354,0.1358384623690746,1315224
122,Dostoevsky,Домовой,0.8685805924921762,0.0001692144022355,Достоевский,2.625,0.1466666666666666,5570
123,Dostoevsky,Дядюшкин сон,0.891144959603488,0.0002210020768547,Достоевский,4.315,0.3780652115332794,269204
124,Dostoevsky,Записки из подполья,0.8803160636802884,0.0002895298634375,Достоевский,4.303,0.2251440922190201,244923
125,Dostoevsky,Игрок,0.8800927303513101,0.0002525319185798,Достоевский,4.278,0.2184648416532474,282627
126,Dostoevsky,Идиот,0.8860232039149161,0.0002448687543317,Достоевский,4.439,0.2240581155188377,1307580
127,Dostoevsky,Короткая,0.8487081569198602,0.000212106881953,Достоевский,-1.0,0.2259767687434002,80155
128,Dostoevsky,Крокодил,0.8962164146419239,0.0002496120718355,Достоевский,3.832,0.2030338389731621,71363
129,Dostoevsky,Маленький герой,0.8770550182257079,0.0002555834636857,Достоевский,4.038,0.1371794871794872,76671
130,Dostoevsky,Мальчик у Христа на ёлке,0.8547207542288814,0.000178695293694,Достоевский,4.418,0.2708333333333333,10908
131,Dostoevsky,Неточка Незванова,0.8648236206583446,0.0002385031853015,Достоевский,4.223,0.2308635917566241,342027
132,Dostoevsky,Петербургские сновидения в стихах и в прозе,0.8918940696965744,0.0002858178405354,Достоевский,3.481,0.1666666666666666,47952
133,Dostoevsky,Подросток,0.8708339955063962,0.0002575877463036,Достоевский,4.179,0.1990936780328356,1246059
134,Dostoevsky,Ползунков,0.8970347413155919,0.0002343092610012,Достоевский,3.483,0.4919354838709678,28735
135,Dostoevsky,Роман в девяти письмах,0.8755279665815289,0.0002186055251459,Достоевский,3.792,0.246031746031746,24147
136,Dostoevsky,Село Степанчиково и его обитатели,0.8907130846879951,0.0002464009314006,Достоевский,4.325,0.3108375132998936,429077
137,Dostoevsky,Скверный анекдот,0.8900696123160221,0.0002269627902504,Достоевский,4.196,0.1557195571955719,106389
138,Dostoevsky,Слабое сердце,0.870175617663404,0.0001332503593978,Достоевский,3.954,0.3225589225589225,84123
139,Dostoevsky,Сон смешного человека,0.8304420801582358,0.0001951807464027,Достоевский,4.268,0.2040816326530612,44609
140,Dostoevsky,Униженные и оскорблённые,0.8632340996470683,0.0002206680295204,Достоевский,4.441,0.2165858389912706,727403
141,Dostoevsky,Хозяйка,0.8869932101072037,0.0002091584502679,Достоевский,3.582,0.2300695559122525,152999
142,Dostoevsky,Честный вор,0.8760419851733987,0.0001562569733642,Достоевский,3.857,0.2535460992907801,30631
143,Dostoevsky,Чужая жена и муж под кроватью,0.8752950995765074,0.0001974181619792,Достоевский,3.925,0.4162544169611308,75682
144,Gogol,Вечера на хуторе близ Диканьки,0.9104664542203944,0.0003246536320068,Гоголь,4.266,0.3136083628896771,402125
145,Gogol,Вий,0.9023766736292032,0.0002590759151186,Гоголь,4.282,0.1784922394678492,74616
146,Tolstoy,Записки сумасшедшего,0.8277864281526067,0.0002106390202309,Толстой,3.889,0.1829573934837092,21833
147,Gogol,Коляска,0.9132579735125708,0.0002364298514416,Гоголь,4.415,0.1330798479087452,23221
148,Gogol,Мёртвые души,0.9067416307026572,0.0002873741900284,Гоголь,4.147,0.1982518871672626,757969
149,Gogol,Невский проспект,0.9001170135457324,0.0002581879016406,Гоголь,4.206,0.2161764705882353,72172
150,Gogol,Нос,0.8920041222675169,0.0001898759826025,Гоголь,4.211,0.1985294117647058,49608
151,Gogol,Ночи на вилле,0.8913494921088253,0.0001862213504349,Гоголь,4.206,0.1073825503355704,12165
152,Gogol,Ночь перед Рождеством,0.9017527651206872,0.0002299573986615,Гоголь,4.433,0.3098712446351931,83226
153,Gogol,"Повесть о том, как поссорился Иван Иванович с Иваном Никифоровичем",0.8978253906766481,0.0001952802217966,Гоголь,4.15,0.3066666666666666,93121
154,Gogol,Портрет,0.8949992663746836,0.0002603738286642,Гоголь,4.351,0.1477045908183632,114356
155,Gogol,Ревизор,0.9028743303448394,0.0001795030691296,Гоголь,4.075,0.2358490566037736,138159
156,Gogol,Рим,0.9106497062715396,0.0003248025226114,Гоголь,4.415,0.1242362525458248,84485
157,Gogol,Старосветские помещики,0.8968242389032381,0.0001835233322647,Гоголь,4.321,0.1689008042895442,46349
158,Gogol,Тарас Бульба,0.9011563554768316,0.0002907009936376,Гоголь,4.282,0.2554002541296061,232125
159,Gogol,Шинель,0.8884557303464119,0.0001830259596234,Гоголь,4.208,0.0831168831168831,65218
160,Gorky,Бывшие люди,0.9066290987789232,0.0002476727978872,Горький,3.621,0.2404482934284259,113351
161,Gorky,В людях,0.9078683810753048,0.0003753654501817,Горький,4.317,0.2850467289719626,1191308
162,Gorky,В степи,0.8950271416051342,0.0002354324733564,Горький,2.715,0.2398081534772182,21630
163,Gorky,Вывод,0.8932847307663242,0.000182766600936,Горький,4.132,0.1951219512195122,4176
164,Gorky,Город жёлтого дьявола,0.9107103577678624,0.0002750882746621,Горький,4.117,0.2788461538461538,22743
165,Gorky,Двадцать шесть и одна,0.8593098220540483,0.0001803592223083,Горький,3.908,0.2522796352583587,26313
166,Gorky,Дело с застёжками,0.8987122112230828,0.0002223121594315,Горький,3.5,0.204225352112676,20278
167,Tolstoy,Детство,0.8866265440906143,0.0002768118213755,Толстой,3.994,0.149375,191516
168,Gorky,Емельян Пиляй,0.8852612842159905,0.0002363457148685,Горький,3.833,0.3375314861460957,21871
169,Gorky,Знахарка,0.912752841156056,0.000228945869034,Горький,3.25,0.1678321678321678,19590
170,Gorky,Коновалов,0.8838813966586825,0.0002536382825058,Горький,4.258,0.2479750778816199,93136
171,Gorky,Ледоход,0.9137054705851452,0.0002711783227382,Горький,3.648,0.2737068965517241,38412
172,Gorky,Ма-аленькая!...,0.8889369443338111,0.0002100284349187,Горький,3.736,0.1574074074074074,8182
173,Gorky,Макар Чудра,0.865645142427593,0.00015522799424,Горький,3.827,0.3746835443037975,23187
174,Gorky,Мать,0.9035134350103556,0.0002692669851419,Горький,3.893,0.302762077423483,560406
175,Gorky,Мещане,0.8893457792831521,0.0001583874923049,Горький,3.982,0.2655357742693987,152175
176,Gorky,Мои университеты,0.9067055173801422,0.0003535937095406,Горький,4.317,0.2484334684850719,223870
177,Gorky,На дне,0.8955744678880438,0.000195741933491,Горький,3.902,0.3787643588947532,102123
178,Gorky,На плотах,0.9087390281282588,0.0002319781103524,Горький,3.453,0.3572744014732965,23031
179,Gorky,Несвоевременные мысли,0.9146730249162588,0.0003474056384612,Горький,3.982,0.2977558839627805,254186
180,Gorky,Озорник,0.8934721117647328,0.000188485385829,Горький,3.375,0.2444444444444444,34510
181,Gorky,Песня о Буревестнике,0.8280347712934555,9.452023635629394e-05,Горький,4.187,0.24,1679
182,Gorky,Песня о соколе,0.8839768837002995,0.0001923722352705,Горький,4.035,0.1532258064516129,8345
183,Gorky,Проходимец,0.883331808909328,0.0002919183790754,Горький,3.941,0.2245681381957773,66810
184,Gorky,Рождение человека,0.9109501311818184,0.0002837029305665,Горький,3.983,0.1877934272300469,17352
185,Gorky,Сказки об Италии,0.9094232241000249,0.0003182277193177,Горький,3.865,0.2436285097192224,249473
186,Herzen,Скуки ради,0.9080806939155736,0.0003425358579115,Герцен,3.417,0.1604651162790697,90016
187,Gorky,Старуха Изергиль,0.8588440241135539,0.0002110484020253,Горький,4.026,0.2282768777614138,40288
188,Gorky,Страсти-мордасти,0.8985026230852151,0.0002596151071412,Горький,4.245,0.2589473684210526,26217
189,Gorky,Фома Гордеев,0.8951074251605055,0.000236996547992,Горький,4.022,0.2739491969472605,489007
190,Gorky,Челкаш,0.90278270451619,0.0001661998456097,Горький,3.833,0.2786069651741293,61521
191,Gorky,Человек,0.8714050210151795,0.0002178890343328,Горький,4.379,0.611764705882353,11190
192,Gorky,Ярмарка в Голтве,0.9196893342506736,0.0002690652167443,Горький,3.5,0.2366412213740458,21001
193,Herzen,Доктор Крупов,0.9081812795228318,0.0002748297275035,Герцен,3.971,0.1272321428571428,56950
194,Herzen,Долг прежде всего,0.9026933012355116,0.0002769753288889,Герцен,3.1,0.0662251655629139,130607
195,Herzen,Елена,0.8971347330110673,0.0002678824424225,Герцен,3.662,0.1862595419847328,64802
196,Herzen,Кто виноват,0.904777793731401,0.0002987870726474,Герцен,3.853,0.1733646230566148,423226
197,Herzen,Легенда,0.9003181938770359,0.0002620837409057,Герцен,3.25,0.1066350710900474,52173
198,Herzen,Мимоездом,0.8985576853920686,0.0001849847050338,Герцен,3.75,0.1636363636363636,5644
199,Herzen,Повреждённый,0.9037062373156752,0.0002883622538518,Герцен,3.885,0.1302083333333333,45485
200,Herzen,С того берега,0.9149369461486304,0.0003309357227468,Герцен,4.583,0.2037108620023192,352921
201,Herzen,Сорока-воровка,0.8913960106731438,0.000261887640379,Герцен,3.869,0.1438356164383561,46169
202,Herzen,Трагедия за стаканом грога,0.8907051133878561,0.0002404722194962,Герцен,3.708,0.1171875,14312
203,Lermontov,Ашик-Кериб,0.86969125561344,0.000140492285935,Лермонтов,3.817,0.079646017699115,15464
204,Lermontov,Герой нашего времени,0.8911069046615998,0.0002738316211512,Лермонтов,4.319,0.1776536312849162,281815
205,Lermontov,Штосс,0.8935417426235636,0.0001699771940392,Лермонтов,4.049,0.2102102102102102,26063
206,Pushkin,Арап Петра Великого,0.9101026045264058,0.0002280027615145,Пушкин,4.317,0.080281690140845,61810
207,Pushkin,Дубровский,0.898273674805851,0.0002152503493945,Пушкин,4.226,0.0877437325905292,136337
208,Pushkin,Египетские ночи,0.9063261191470476,0.0001997430050434,Пушкин,4.051,0.0827338129496402,22339
209,Pushkin,История Пугачёва,0.9121749370125284,0.0003015245800006,Пушкин,3.965,0.0406844106463878,264917
210,Pushkin,История села Горюхина,0.8993155958320121,0.000315173080169,Пушкин,3.728,0.0494699646643109,30950
211,Pushkin,Капитанская дочка,0.8896022536364937,0.0002739019116739,Пушкин,4.163,0.146168108776267,211888
212,Pushkin,Кирджали,0.8870636908466897,0.0001350081781024,Пушкин,3.465,0.0986842105263158,11413
213,Pushkin,Пиковая дама,0.8972741064030976,0.0001796267907768,Пушкин,4.24,0.1458923512747875,46773
214,Pushkin,Повести Белкина,0.8979982065787881,0.0002843365561634,Пушкин,4.389,0.0978260869565217,124375
215,Pushkin,Рославлев,0.8997622381431349,0.0001952343568332,Пушкин,3.808,0.1584905660377358,21420
216,Tolstoy,Алёша горшок,0.8272077896022012,0.0001210475448587,Толстой,4.055,0.0657894736842105,10341
217,Tolstoy,Альберт,0.874819357641074,0.0001519940957523,Толстой,3.77,0.1540577716643741,50918
218,Tolstoy,Анна Каренина,0.8782031420687544,0.0002169177847014,Толстой,4.327,0.1260315078769692,1778358
219,Tolstoy,Божеское и человеческое,0.8700871802727609,0.0001960774761719,Толстой,3.881,0.1454311454311454,68161
220,Tolstoy,Война и мир. Том 1,0.912144628652052,0.0003212181639061,Толстой,4.322,0.1125687685146,825013
221,Tolstoy,Война и мир. Том 2,0.8936160347484984,0.0002401008143113,Толстой,4.322,0.0873259174914601,855571
222,Tolstoy,Война и мир. Том 3,0.906822887448304,0.0003127938636993,Толстой,4.298,0.1035555094848139,920929
223,Tolstoy,Война и мир. Том 4,0.9052104592561632,0.0003072084001611,Толстой,4.322,0.0747223157186132,900279
224,Tolstoy,Воскресение,0.8877826137658634,0.0002256622854506,Толстой,4.312,0.0913827237678441,911515
225,Tolstoy,Два гусара,0.9021387904567972,0.0002572153694725,Толстой,4.099,0.1699794379712131,110940
226,Tolstoy,Декабристы,0.8908409158719915,0.0002671437775285,Толстой,3.628,0.0884289746001881,98385
227,Tolstoy,Дьявол,0.8522305254071001,0.0001736405105462,Толстой,4.12,0.0923593618807724,86800
228,Tolstoy,Записки маркера,0.8683689470444227,0.0001955070764826,Толстой,3.885,0.1529411764705882,29923
229,Tolstoy,Из записок князя Д. Нехлюдова (Люцерн),0.8856967744540679,0.0002687659689292,Толстой,3.974,0.1161137440758294,50013
230,Tolstoy,Кавказский пленник,0.8955636566023473,0.0001348232109631,Толстой,4.194,0.0987654320987654,41000
231,Tolstoy,Казаки,0.8946182914668531,0.0002137482918369,Толстой,4.089,0.1572407883461868,289853
232,Tolstoy,Корней Васильев,0.8714161131342011,0.0001986985995316,Толстой,4.167,0.0934393638170974,31816
233,Tolstoy,Крейцерова соната,0.859334126114084,0.000223425396678,Толстой,4.006,0.1801373481246698,155398
234,Tolstoy,Метель,0.8921731945074373,0.0002636479790648,Толстой,3.885,0.184251968503937,54273
235,Tolstoy,Набег,0.8986864435413123,0.0002855763798059,Толстой,3.804,0.0949367088607595,47524
236,Tolstoy,Отец Сергий,0.8610206415174712,0.0001884217992148,Толстой,4.285,0.1068447412353923,82925
237,Tolstoy,Отрочество,0.8821678640993479,0.0002850842133588,Толстой,3.994,0.1799844840961986,147250
238,Tolstoy,Поликуша,0.8914456872122545,0.0002316563003113,Толстой,4.322,0.1232777374909354,106366
239,Tolstoy,После бала,0.853697609270162,0.0002135741701709,Толстой,3.944,0.055,18834
240,Tolstoy,Праведный судья,0.8141694712780101,8.217936923309226e-05,Толстой,4.125,0.0131578947368421,4891
241,Tolstoy,Работник Емельян и пустой барабан,0.8451956267313208,0.0001003095817787,Толстой,3.833,0.0447154471544715,13423
242,Tolstoy,Разжалованный,0.8733355789701536,0.0002261345945808,Толстой,4.247,0.1583333333333333,49915
243,Tolstoy,Рубка леса,0.9001841375601073,0.0002736997457856,Толстой,3.721,0.13875,69084
244,Tolstoy,Севастополь в августе 1855 года,0.8993312458959257,0.0002585776478581,Толстой,3.983,0.2016871165644172,120473
245,Tolstoy,Севастополь в декабре месяце,0.8923363699119384,0.0002351378895355,Толстой,3.896,0.067193675889328,30917
246,Tolstoy,Севастополь в мае,0.8962497516193285,0.000242875838811,Толстой,3.983,0.1329479768786127,85974
247,Tolstoy,Семейное счастье,0.8301201000803886,0.0002039211192937,Толстой,3.994,0.1560597675705589,165129
248,Tolstoy,Смерть Ивана Ильича,0.8630874045375182,0.0001861109081941,Толстой,4.42,0.1492537313432835,109000
249,Tolstoy,Три смерти,0.8987437772782274,0.0002476595449457,Толстой,3.731,0.1327433628318584,23645
250,Tolstoy,Утро пемещика,0.898106115255204,0.0002553432092292,Толстой,3.998,0.1477064220183486,98924
251,Tolstoy,Хаджи-Мурат,0.8867863621648011,0.0001899691914051,Толстой,4.071,0.0664629488158899,231144
252,Tolstoy,Хозяин и работник,0.8725568429914126,0.000186579034828,Толстой,4.301,0.1198884758364312,97008
253,Tolstoy,Холстомер,0.8798598869232825,0.0002586982561239,Толстой,4.187,0.0949589683470105,72506
254,Tolstoy,Юность,0.8741117399351841,0.0002685683709943,Толстой,3.994,0.1191123188405797,312553
255,Tolstoy,Ягоды,0.8987180484474993,0.0002352213991494,Толстой,3.5,0.1255060728744939,22073
256,Turgenev,Ася,0.8602732074748125,0.0001885755767179,Тургенев,4.248,0.1127029608404966,86784
257,Turgenev,Вешние воды,0.8959229170737972,0.0001875858786479,Тургенев,4.29,0.2106907323845886,252827
258,Turgenev,Дворянское гнездо,0.8921581717640544,0.0002153048184943,Тургенев,4.235,0.1138662316476345,304989
259,Turgenev,Дым,0.8948268473807188,0.0002161218187585,Тургенев,4.178,0.1917083210820347,324062
260,Turgenev,Записки охотника,0.910366837842504,0.000364206608239,Тургенев,3.923,0.1769809876228148,658891
261,Turgenev,Муму,0.8902768465170487,0.000200151692516,Тургенев,3.904,0.1260794473229706,53532
262,Turgenev,Отцы и дети,0.9015733688814924,0.0002549956469763,Тургенев,4.276,0.1399410774410774,370304
263,Turgenev,Стихотворения в прозе,0.903809002055108,0.0003242291718202,Тургенев,4.291,0.303637713437268,103420
264,Turgenev,Яков Пасынков,0.8764314228499289,0.0002365701706682,Тургенев,3.946,0.1496539792387543,71996
265,Rudnev,Время собирать копья,0.921536059714016,0.0001477917559136,Руднев,-1.0,0.1576763485477178,19182
266,Rudnev,"Жги, еретик!",0.8948138964459289,0.0001416545766327,Руднев,-1.0,0.3012048192771085,6165
267,Rudnev,Нити,0.9147429450750948,0.0001639813832441,Руднев,-1.0,0.09375,6540
268,Rudnev,Новый пес старого дома,0.9082160166890406,0.0002534870003762,Руднев,-1.0,0.1066012488849241,164632
269,Rudnev,Обуза,0.8760831366340092,0.0002627539831379,Руднев,-1.0,0.1004536616979909,169254
270,Rudnev,Павлин-птица гордая,0.89924696321528,0.0002299203584522,Руднев,-1.0,0.099644128113879,183655
271,Rudnev,Пиромант поневоле,0.910791290716575,0.000101526909659,Руднев,-1.0,0.2528735632183908,7391
272,Rudnev,Церковный дьявол,0.903259356492667,0.000180343406179,Руднев,-1.0,0.1728045325779036,25959
273,Rudnev,"Элементально, Вольфгар",0.9169121043296208,0.0002001244004283,Руднев,-1.0,0.0986394557823129,33791
